movieID	title	avgRating	numRating
1178	Paths of Glory	4.541666666666667	12
1217	Ran	4.433333333333334	15
86781	Incendies	4.4	5
3153	7th Voyage of Sinbad, The	4.4	5
85342	Elite Squad: The Enemy Within (Tropa de Elite 2 - O Inimigo Agora É Outro)	4.357142857142857	7
2202	Lifeboat	4.357142857142857	7
1927	All Quiet on the Western Front	4.35	10
93838	The Raid: Redemption	4.333333333333333	9
8132	Gladiator	4.333333333333333	9
171763	Baby Driver	4.333333333333333	9
7156	Fog of War: Eleven Lessons from the Life of Robert S. McNamara, The	4.3076923076923075	13
1209	Once Upon a Time in the West (C'era una volta il West)	4.305555555555555	18
27156	Neon Genesis Evangelion: The End of Evangelion (Shin seiki Evangelion Gekijô-ban: Air/Magokoro wo, kimi ni)	4.3	5
1204	Lawrence of Arabia	4.3	45
55721	Elite Squad (Tropa de Elite)	4.3	10
26131	Battle of Algiers, The (La battaglia di Algeri)	4.3	5
5747	Gallipoli	4.285714285714286	7
170705	Band of Brothers	4.285714285714286	7
168252	Logan	4.28	25
2959	Fight Club	4.272935779816514	218
750	Dr. Strangelove or: How I Learned to Stop Worrying and Love the Bomb	4.268041237113402	97
3508	Outlaw Josey Wales, The	4.25	18
1267	Manchurian Candidate, The	4.25	30
2436	Tea with Mussolini	4.25	6
58559	Dark Knight, The	4.238255033557047	149
1197	Princess Bride, The	4.232394366197183	142
260	Star Wars: Episode IV - A New Hope	4.231075697211155	251
3030	Yojimbo	4.230769230769231	13
527	Schindler's List	4.225	220
3275	Boondock Saints, The	4.22093023255814	43
1208	Apocalypse Now	4.219626168224299	107
1196	Star Wars: Episode V - The Empire Strikes Back	4.2156398104265405	211
1233	Boot, Das (Boat, The)	4.2125	40
1198	Raiders of the Lost Ark (Indiana Jones and the Raiders of the Lost Ark)	4.2075	200
73323	Girl Who Kicked the Hornet's Nest, The (Luftslottet som sprängdes)	4.2	5
2571	Matrix, The	4.192446043165468	278
4967	No Man's Land	4.1923076923076925	13
2019	Seven Samurai (Shichinin no samurai)	4.1875	48
908	North by Northwest	4.184210526315789	57
1242	Glory	4.170731707317073	41
356	Forrest Gump	4.164133738601824	329
122926	Untitled Spider-Man Reboot	4.15625	16
5690	Grave of the Fireflies (Hotaru no haka)	4.15625	16
3681	For a Few Dollars More (Per qualche dollaro in più)	4.151515151515151	33
2324	Life Is Beautiful (La Vita è bella)	4.1477272727272725	88
6016	City of God (Cidade de Deus)	4.1466666666666665	75
2028	Saving Private Ryan	4.1462765957446805	188
1201	Good, the Bad and the Ugly, The (Buono, il brutto, il cattivo, Il)	4.145833333333333	72
2067	Doctor Zhivago	4.142857142857143	21
168248	John Wick: Chapter Two	4.142857142857143	7
1210	Star Wars: Episode VI - Return of the Jedi	4.137755102040816	196
68157	Inglourious Basterds	4.136363636363637	88
3836	Kelly's Heroes	4.133333333333334	15
1281	Great Dictator, The	4.133333333333334	15
1262	Great Escape, The	4.127906976744186	43
3972	Legend of Drunken Master, The (Jui kuen II)	4.125	16
1250	Bridge on the River Kwai, The	4.122222222222222	45
1272	Patton	4.121212121212121	33
7153	Lord of the Rings: The Return of the King, The	4.118918918918919	185
5995	Pianist, The	4.108695652173913	46
98961	Zero Dark Thirty	4.107142857142857	14
541	Blade Runner	4.100806451612903	124
1222	Full Metal Jacket	4.098039215686274	102
5039	Dragonslayer	4.083333333333333	6
1249	Femme Nikita, La (Nikita)	4.071428571428571	35
79132	Inception	4.066433566433567	143
6350	Laputa: Castle in the Sky (Tenkû no shiro Rapyuta)	4.0625	24
1939	Best Years of Our Lives, The	4.0625	8
54997	3:10 to Yuma	4.06	25
69481	Hurt Locker, The	4.0588235294117645	34
112852	Guardians of the Galaxy	4.0508474576271185	59
2924	Drunken Master (Jui kuen)	4.05	10
1291	Indiana Jones and the Last Crusade	4.046428571428572	140
1261	Evil Dead II (Dead by Dawn)	4.044117647058823	34
1215	Army of Darkness	4.03921568627451	51
7482	Enter the Dragon	4.038461538461538	13
3703	Road Warrior, The (Mad Max 2)	4.0375	40
110	Braveheart	4.031645569620253	237
122916	Thor: Ragnarok	4.025	20
116797	The Imitation Game	4.02	50
293	Léon: The Professional (a.k.a. The Professional) (Léon)	4.018796992481203	133
1299	Killing Fields, The	4.017857142857143	28
1387	Jaws	4.0054945054945055	91
1218	Killer, The (Die xue shuang xiong)	4.0	11
3265	Hard-Boiled (Lat sau san taam)	4.0	9
3062	Longest Day, The	4.0	11
940	Adventures of Robin Hood, The	4.0	8
1224	Henry V	4.0	19
3022	General, The	4.0	9
51255	Hot Fuzz	4.0	61
2692	Run Lola Run (Lola rennt)	4.0	75
122912	Avengers: Infinity War - Part I	4.0	13
27801	Ong-Bak: The Thai Warrior (Ong Bak)	4.0	12
91529	Dark Knight Rises, The	3.9934210526315788	76
81834	Harry Potter and the Deathly Hallows: Part 1	3.9893617021276597	47
60684	Watchmen	3.988372093023256	43
119145	Kingsman: The Secret Service	3.986111111111111	36
1090	Platoon	3.984126984126984	63
111759	Edge of Tomorrow	3.977272727272727	44
7387	Dawn of the Dead	3.975	20
6502	28 Days Later	3.9741379310344827	58
589	Terminator 2: Judgment Day	3.970982142857143	224
969	African Queen, The	3.9705882352941178	34
2944	Dirty Dozen, The	3.96875	32
86	White Squall	3.966666666666667	15
1200	Aliens	3.9642857142857144	126
6874	Kill Bill: Vol. 1	3.9618320610687023	131
8370	Blind Swordsman: Zatoichi, The (Zatôichi)	3.9583333333333335	12
3000	Princess Mononoke (Mononoke-hime)	3.9583333333333335	48
1944	From Here to Eternity	3.9545454545454546	11
4103	Empire of the Sun	3.95	10
65514	Ip Man	3.95	10
6	Heat	3.946078431372549	102
48774	Children of Men	3.9453125	64
49272	Casino Royale	3.9444444444444446	81
99114	Django Unchained	3.943661971830986	71
1304	Butch Cassidy and the Sundance Kid	3.943548387096774	62
1287	Ben-Hur	3.9411764705882355	34
34405	Serenity	3.94	50
2194	Untouchables, The	3.9384615384615387	65
3578	Gladiator	3.9382352941176473	170
7802	Warriors, The	3.9375	8
163645	Hacksaw Ridge	3.9375	8
2951	Fistful of Dollars, A (Per un pugno di dollari)	3.9358974358974357	39
5060	M*A*S*H (a.k.a. MASH)	3.9347826086956523	46
2288	Thing, The	3.933333333333333	45
7022	Battle Royale (Batoru rowaiaru)	3.933333333333333	30
4262	Scarface	3.9328358208955225	67
98124	Batman: The Dark Knight Returns, Part 1	3.9285714285714284	7
65216	Defiance	3.9285714285714284	7
110501	The Raid 2: Berandal	3.9285714285714284	7
3066	Tora! Tora! Tora!	3.9285714285714284	7
3811	Breaker Morant	3.9285714285714284	7
166528	Rogue One: A Star Wars Story	3.925925925925926	27
122918	Guardians of the Galaxy 2	3.925925925925926	27
4033	Thirteen Days	3.923076923076923	13
7090	Hero (Ying xiong)	3.9210526315789473	38
81156	Jackass 3D	3.9166666666666665	6
4210	Manhunter	3.9166666666666665	6
88125	Harry Potter and the Deathly Hallows: Part 2	3.91	50
3053	Messenger: The Story of Joan of Arc, The	3.909090909090909	11
7360	Dawn of the Dead	3.90625	16
7143	Last Samurai, The	3.903225806451613	62
55247	Into the Wild	3.902439024390244	41
187595	Solo: A Star Wars Story	3.9	5
114935	Predestination	3.9	10
6283	Cowboy Bebop: The Movie (Cowboy Bebop: Tengoku no Tobira)	3.9	20
5876	Quiet American, The	3.9	5
1240	Terminator, The	3.8969465648854964	131
152081	Zootopia	3.890625	32
44191	V for Vendetta	3.885	100
1356	Star Trek: First Contact	3.879120879120879	91
71535	Zombieland	3.8773584905660377	53
31410	Downfall (Untergang, Der)	3.875	20
99813	Batman: The Dark Knight Returns, Part 2	3.875	8
5903	Equilibrium	3.875	44
187593	Deadpool 2	3.875	12
7076	Bullitt	3.875	8
1610	Hunt for Red October, The	3.8722222222222222	90
1953	French Connection, The	3.871794871794872	39
108932	The Lego Movie	3.870967741935484	31
89745	Avengers, The	3.869565217391304	69
5782	Professional, The (Le professionnel)	3.8684210526315788	19
7438	Kill Bill: Vol. 2	3.868181818181818	110
93510	21 Jump Street	3.8653846153846154	26
68358	Star Trek	3.864406779661017	59
2600	eXistenZ	3.8636363636363638	22
1036	Die Hard	3.8620689655172415	145
33794	Batman Begins	3.8620689655172415	116
51935	Shooter	3.86	25
3740	Big Trouble in Little China	3.857142857142857	28
32587	Sin City	3.857142857142857	84
122886	Star Wars: Episode VII - The Force Awakens	3.8536585365853657	41
115617	Big Hero 6	3.8536585365853657	41
73017	Sherlock Holmes	3.853448275862069	58
6893	Italian Job, The	3.85	10
150548	Sherlock: The Abominable Bride	3.85	10
115149	John Wick	3.8448275862068964	29
2947	Goldfinger	3.839622641509434	53
3996	Crouching Tiger, Hidden Dragon (Wo hu cang long)	3.8363636363636364	110
8961	Incredibles, The	3.836	125
122904	Deadpool	3.8333333333333335	54
861	Supercop (Police Story 3: Supercop) (Jing cha gu shi III: Chao ji jing cha)	3.8333333333333335	9
1408	Last of the Mohicans, The	3.8333333333333335	39
7569	You Only Live Twice	3.8333333333333335	12
111362	X-Men: Days of Future Past	3.8333333333333335	30
5064	The Count of Monte Cristo	3.828125	32
1263	Deer Hunter, The	3.8255813953488373	43
59315	Iron Man	3.824468085106383	94
6618	Shaolin Soccer (Siu lam juk kau)	3.823529411764706	17
5026	Brotherhood of the Wolf (Pacte des loups, Le)	3.8214285714285716	14
122882	Mad Max: Fury Road	3.8191489361702127	47
104913	Rush	3.8181818181818183	11
3035	Mister Roberts	3.8181818181818183	11
5418	Bourne Identity, The	3.8169642857142856	112
27611	Battlestar Galactica	3.8157894736842106	19
553	Tombstone	3.8153846153846156	65
54736	Kingdom, The	3.8125	8
2919	Year of Living Dangerously, The	3.8125	8
96079	Skyfall	3.81	50
5010	Black Hawk Down	3.81	50
41997	Munich	3.8095238095238093	21
1220	Blues Brothers, The	3.8095238095238093	84
57640	Hellboy II: The Golden Army	3.8055555555555554	18
1256	Duck Soup	3.8043478260869565	23
8636	Spider-Man 2	3.8037974683544302	79
2529	Planet of the Apes	3.8035714285714284	56
3448	Good Morning, Vietnam	3.802325581395349	43
66785	Good, the Bad, the Weird, The (Joheunnom nabbeunnom isanghannom)	3.8	5
91974	Underworld: Awakening	3.8	5
1264	Diva	3.8	5
114662	American Sniper	3.8	15
56921	Battlestar Galactica: Razor	3.8	5
42718	District 13 (Banlieue 13)	3.8	5
54995	Planet Terror	3.7954545454545454	22
1663	Stripes	3.7941176470588234	34
30749	Hotel Rwanda	3.7916666666666665	48
87232	X-Men: First Class	3.7906976744186047	43
8665	Bourne Supremacy, The	3.7866666666666666	75
6645	THX 1138	3.7857142857142856	7
7980	Bridge Too Far, A	3.7857142857142856	7
6539	Pirates of the Caribbean: The Curse of the Black Pearl	3.778523489932886	149
2941	South Pacific	3.7777777777777777	9
4387	Kiss of the Dragon	3.7777777777777777	9
4855	Dirty Harry	3.775	20
2716	Ghostbusters (a.k.a. Ghost Busters)	3.775	120
62374	Body of Lies	3.772727272727273	11
115210	Fury	3.769230769230769	13
3654	Guns of Navarone, The	3.769230769230769	13
6857	Ninja Scroll (Jûbei ninpûchô)	3.769230769230769	13
62849	RocknRolla	3.769230769230769	13
112175	How to Train Your Dragon 2	3.7666666666666666	15
1374	Star Trek II: The Wrath of Khan	3.7661290322580645	62
49530	Blood Diamond	3.7641509433962264	53
91542	Sherlock Holmes: A Game of Shadows	3.763157894736842	38
8798	Collateral	3.7613636363636362	44
1873	Misérables, Les	3.75	10
2948	From Russia with Love	3.75	36
4349	Catch-22	3.75	8
480	Jurassic Park	3.75	238
2476	Heartbreak Ridge	3.75	12
1527	Fifth Element, The	3.7456896551724137	116
1274	Akira	3.7435897435897436	39
110102	Captain America: The Winter Soldier	3.7419354838709675	31
1275	Highlander	3.7291666666666665	48
122906	Black Panther	3.727272727272727	11
6333	X2: X-Men United	3.723684210526316	76
4553	They Live	3.7222222222222223	9
3196	Stalag 17	3.7222222222222223	9
122900	Ant-Man	3.7222222222222223	27
96737	Dredd	3.7142857142857144	14
3134	Grand Illusion (La grande illusion)	3.7142857142857144	7
167746	The Lego Batman Movie	3.7142857142857144	7
34323	Devil's Rejects, The	3.7142857142857144	7
134170	Kung Fury	3.7142857142857144	7
36529	Lord of War	3.7142857142857144	35
2730	Barry Lyndon	3.7142857142857144	7
2949	Dr. No	3.712121212121212	33
1183	English Patient, The	3.7111111111111112	45
2890	Three Kings	3.7111111111111112	45
50068	Letters from Iwo Jima	3.7058823529411766	17
122922	Doctor Strange	3.7045454545454546	22
79702	Scott Pilgrim vs. the World	3.7045454545454546	44
27660	Animatrix, The	3.7	20
2106	Swing Kids	3.7	5
40414	Joyeux Noël (Merry Christmas)	3.7	5
3682	Magnum Force	3.7	5
41	Richard III	3.7	15
390	Faster Pussycat! Kill! Kill!	3.7	5
3992	Malèna	3.7	5
3793	X-Men	3.699248120300752	133
54286	Bourne Ultimatum, The	3.697530864197531	81
2991	Live and Let Die	3.6956521739130435	23
474	In the Line of Fire	3.692857142857143	70
62999	Madagascar: Escape 2 Africa	3.6923076923076925	13
3204	Boys from Brazil, The	3.6875	8
134368	Spy	3.6875	16
102445	Star Trek Into Darkness	3.685185185185185	27
112138	22 Jump Street	3.6842105263157894	19
51662	300	3.68125	80
61024	Pineapple Express	3.6774193548387095	31
40278	Jarhead	3.676470588235294	17
2000	Lethal Weapon	3.6733333333333333	75
4047	Gettysburg	3.6666666666666665	9
179401	Jumanji: Welcome to the Jungle	3.6666666666666665	6
3032	Omega Man, The	3.6666666666666665	6
493	Menace II Society	3.6666666666666665	12
27721	Very Long Engagement, A (Un long dimanche de fiançailles)	3.6666666666666665	6
8908	Ladder 49	3.6666666666666665	6
91630	Mission: Impossible - Ghost Protocol	3.659090909090909	22
1254	Treasure of the Sierra Madre, The	3.65625	16
2916	Total Recall	3.653409090909091	88
76251	Kick-Ass	3.6511627906976742	43
3742	Battleship Potemkin	3.65	10
111781	Mission: Impossible - Rogue Nation	3.6470588235294117	17
2763	Thomas Crown Affair, The	3.6458333333333335	48
920	Gone with the Wind	3.6444444444444444	45
65682	Underworld: Rise of the Lycans	3.642857142857143	7
96610	Looper	3.640625	32
733	Rock, The	3.6404958677685952	121
2366	King Kong	3.64	25
6947	Master and Commander: The Far Side of the World	3.638888888888889	36
2115	Indiana Jones and the Temple of Doom	3.638888888888889	108
5445	Minority Report	3.6375	120
3104	Midnight Run	3.6363636363636362	22
159093	Now You See Me 2	3.6363636363636362	11
161	Crimson Tide	3.6359223300970873	103
106487	The Hunger Games: Catching Fire	3.6346153846153846	26
7445	Man on Fire	3.6285714285714286	35
3959	Time Machine, The	3.625	8
59369	Taken	3.619047619047619	42
6378	Italian Job, The	3.6186440677966103	59
84944	Rango	3.6176470588235294	17
58295	Bank Job, The	3.6153846153846154	13
122920	Captain America: Civil War	3.6136363636363638	22
5540	Clash of the Titans	3.611111111111111	9
353	Crow, The	3.609375	64
103228	Pacific Rim	3.607142857142857	14
2640	Superman	3.6065573770491803	61
349	Clear and Present Danger	3.6045454545454545	110
72998	Avatar	3.6030927835051547	97
85414	Source Code	3.6029411764705883	34
3726	Assault on Precinct 13	3.6	5
90600	Headhunters (Hodejegerne)	3.6	5
2670	Run Silent Run Deep	3.6	5
2275	Six-String Samurai	3.6	5
81564	Megamind	3.6	20
5049	48 Hrs.	3.590909090909091	11
45186	Mission: Impossible III	3.5892857142857144	28
3639	Man with the Golden Gun, The	3.5833333333333335	18
3404	Titanic	3.5833333333333335	6
8968	After the Sunset	3.5833333333333335	6
162350	The Magnificent Seven	3.5833333333333335	6
3527	Predator	3.581967213114754	61
31878	Kung Fu Hustle (Gong fu)	3.5789473684210527	19
104841	Gravity	3.578125	32
2728	Spartacus	3.576923076923077	13
1429	First Strike (Police Story 4: First Strike) (Ging chaat goo si 4: Ji gaan daan yam mo)	3.575	20
34534	Four Brothers	3.5714285714285716	7
52319	Inglorious Bastards (Quel maledetto treno blindato)	3.5714285714285716	7
8633	Last Starfighter, The	3.5714285714285716	7
2005	Goonies, The	3.5701754385964914	57
8937	Friday Night Lights	3.5625	8
2048	Great Mouse Detective, The	3.5625	8
102125	Iron Man 3	3.5625	32
2457	Running Scared	3.5625	8
163	Desperado	3.5606060606060606	66
165	Die Hard: With a Vengeance	3.5555555555555554	144
3267	Mariachi, El	3.5555555555555554	18
37830	Final Fantasy VII: Advent Children	3.55	10
4448	Score, The	3.55	20
2403	First Blood (Rambo: First Blood)	3.55	30
2989	For Your Eyes Only	3.5476190476190474	21
88140	Captain America: The First Avenger	3.546875	32
151	Rob Roy	3.5454545454545454	44
52287	Meet the Robinsons	3.5454545454545454	11
610	Heavy Metal	3.5454545454545454	33
112	Rumble in the Bronx (Hont faan kui)	3.5434782608695654	46
5349	Spider-Man	3.540983606557377	122
55052	Atonement	3.5384615384615383	13
4008	Born on the Fourth of July	3.5384615384615383	13
648	Mission: Impossible	3.537037037037037	162
1517	Austin Powers: International Man of Mystery	3.535	100
3020	Falling Down	3.5294117647058822	17
377	Speed	3.5292397660818713	171
2278	Ronin	3.5232558139534884	43
8983	House of Flying Daggers (Shi mian mai fu)	3.52	25
5574	Transporter, The	3.519230769230769	26
122892	Avengers: Age of Ultron	3.5185185185185186	27
3256	Patriot Games	3.5161290322580645	31
86332	Thor	3.514705882352941	34
4223	Enemy at the Gates	3.5125	40
77561	Iron Man 2	3.5106382978723403	47
70	From Dusk Till Dawn	3.5090909090909093	55
45722	Pirates of the Caribbean: Dead Man's Chest	3.5069444444444446	72
3984	Diamonds Are Forever	3.5	21
91485	Expendables 2, The	3.5	10
87192	Attack the Block	3.5	6
81229	Red	3.5	20
75985	Repo Men	3.5	6
74795	Green Zone	3.5	9
72605	Brothers	3.5	5
66297	Futurama: Into the Wild Green Yonder	3.5	6
61132	Tropic Thunder	3.5	33
60161	Futurama: The Beast with a Billion Backs	3.5	6
37733	History of Violence, A	3.5	27
33162	Kingdom of Heaven	3.5	17
32898	Trip to the Moon, A (Voyage dans la lune, Le)	3.5	5
7757	Jason and the Argonauts	3.5	6
7439	Punisher, The	3.5	14
7379	The Alamo	3.5	6
7007	Last Boy Scout, The	3.5	8
6754	Underworld	3.5	33
6664	Commando	3.5	6
5785	Jackass: The Movie	3.5	17
5628	Wasabi	3.5	5
5479	K-19: The Widowmaker	3.5	6
4846	Iron Monkey (Siu nin Wong Fei-hung ji: Tit Ma Lau)	3.5	5
4086	Big Easy, The	3.5	5
3342	Birdy	3.5	5
1801	Man in the Iron Mask, The	3.5	25
90746	Adventures of Tintin, The	3.5	12
380	True Lies	3.497191011235955	178
10	GoldenEye	3.496212121212121	132
2353	Enemy of the State	3.4925373134328357	67
8644	I, Robot	3.4918032786885247	61
1580	Men in Black (a.k.a. MIB)	3.487878787878788	165
3702	Mad Max	3.486842105263158	38
56174	I Am Legend	3.4838709677419355	62
4901	Spy Game	3.4814814814814814	27
2993	Thunderball	3.4791666666666665	24
1396	Sneakers	3.4782608695652173	46
236	French Kiss	3.477777777777778	45
1049	Ghost and the Darkness, The	3.4761904761904763	21
1127	Abyss, The	3.475806451612903	62
138036	The Man from U.N.C.L.E.	3.4722222222222223	18
31696	Constantine	3.4714285714285715	35
60126	Get Smart	3.46875	16
8917	Team America: World Police	3.46875	32
135569	Star Trek Beyond	3.466666666666667	15
95167	Brave	3.466666666666667	30
88744	Rise of the Planet of the Apes	3.462962962962963	27
73	Misérables, Les	3.4615384615384617	13
54999	Shoot 'Em Up	3.4583333333333335	12
119141	The Interview	3.4583333333333335	12
63113	Quantum of Solace	3.4571428571428573	35
48783	Flags of Our Fathers	3.4545454545454546	11
104241	Kick-Ass 2	3.4545454545454546	11
2406	Romancing the Stone	3.4537037037037037	54
79139	Sorcerer's Apprentice, The	3.45	10
1129	Escape from New York	3.448717948717949	39
3753	Patriot, The	3.448529411764706	68
780	Independence Day (a.k.a. ID4)	3.4455445544554455	202
3635	Spy Who Loved Me, The	3.4444444444444446	18
33437	Unleashed (Danny the Dog)	3.4444444444444446	9
62956	Futurama: Bender's Game	3.4444444444444446	9
59784	Kung Fu Panda	3.4444444444444446	54
1909	X-Files: Fight the Future, The	3.4404761904761907	42
53125	Pirates of the Caribbean: At World's End	3.4375	56
106002	Ender's Game	3.4375	16
91500	The Hunger Games	3.435185185185185	54
33493	Star Wars: Episode III - Revenge of the Sith	3.4294871794871793	78
1619	Seven Years in Tibet	3.4285714285714284	14
71254	Gamer	3.4285714285714284	7
107406	Snowpiercer	3.4285714285714284	21
3441	Red Dawn	3.4285714285714284	14
592	Batman	3.4285714285714284	189
47200	Crank	3.4285714285714284	14
7458	Troy	3.4270833333333335	48
52281	Grindhouse	3.425925925925926	27
292	Outbreak	3.4257425742574257	101
3555	U-571	3.4242424242424243	33
174055	Dunkirk	3.423076923076923	13
2490	Payback	3.422222222222222	45
64034	Boy in the Striped Pajamas, The (Boy in the Striped Pyjamas, The)	3.4166666666666665	6
7235	Ichi the Killer (Koroshiya 1)	3.4166666666666665	6
79185	Knight and Day	3.4166666666666665	6
58103	Vantage Point	3.4166666666666665	6
73268	Daybreakers	3.4166666666666665	6
103372	Heat, The	3.4166666666666665	6
122890	Warcraft	3.4166666666666665	6
99112	Jack Reacher	3.4166666666666665	12
2527	Westworld	3.4166666666666665	18
103341	World's End, The	3.4166666666666665	18
3745	Titan A.E.	3.413793103448276	29
64983	Valkyrie	3.409090909090909	11
1078	Bananas	3.409090909090909	11
53972	Live Free or Die Hard	3.40625	32
3868	Naked Gun: From the Files of Police Squad!, The	3.4047619047619047	42
1370	Die Hard 2	3.4044117647058822	68
4085	Beverly Hills Cop	3.402173913043478	46
340	War, The	3.4	5
175569	Wind River	3.4	5
8253	Lupin III: The Castle Of Cagliostro (Rupan sansei: Kariosutoro no shiro)	3.4	5
76	Screamers	3.4	15
41569	King Kong	3.4	40
266	Legends of the Fall	3.3970588235294117	68
71156	Men Who Stare at Goats, The	3.388888888888889	9
63859	Bolt	3.388888888888889	18
26614	Bourne Identity, The	3.388888888888889	9
7373	Hellboy	3.3780487804878048	41
494	Executive Decision	3.3780487804878048	41
149406	Kung Fu Panda 3	3.375	8
316	Stargate	3.375	140
56788	Charlie Wilson's War	3.375	8
92420	Chronicle	3.375	8
103772	Wolverine, The	3.375	16
2985	RoboCop	3.3714285714285714	70
4701	Rush Hour 2	3.370967741935484	31
1573	Face/Off	3.3701298701298703	77
2414	Young Sherlock Holmes	3.3636363636363638	11
2167	Blade	3.3620689655172415	58
6721	Once Upon a Time in China (Wong Fei Hung)	3.357142857142857	7
81782	Unstoppable	3.357142857142857	7
102716	Fast & Furious 6 (Fast and the Furious 6, The)	3.357142857142857	7
45499	X-Men: The Last Stand	3.355769230769231	52
34319	Island, The	3.3548387096774195	31
6365	Matrix Reloaded, The	3.3541666666666665	96
6059	Recruit, The	3.3529411764705883	17
57368	Cloverfield	3.3518518518518516	27
4902	Devil's Backbone, The (Espinazo del diablo, El)	3.35	10
2058	Negotiator, The	3.35	30
4161	Mexican, The	3.347826086956522	23
1518	Breakdown	3.3461538461538463	13
53996	Transformers	3.3461538461538463	39
1372	Star Trek VI: The Undiscovered Country	3.3452380952380953	42
1608	Air Force One	3.3448275862068964	58
4299	Knight's Tale, A	3.341463414634146	41
2105	Tron	3.34	50
2193	Willow	3.3375	40
3082	World Is Not Enough, The	3.3333333333333335	39
5152	We Were Soldiers	3.3333333333333335	18
1676	Starship Troopers	3.33125	80
647	Courage Under Fire	3.3275862068965516	29
2990	Licence to Kill	3.325	20
87222	Kung Fu Panda 2	3.323529411764706	17
6595	S.W.A.T.	3.3214285714285716	14
49651	Rocky Balboa	3.3214285714285716	14
736	Twister	3.321138211382114	123
1047	Long Kiss Goodnight, The	3.3181818181818183	33
86190	Hanna	3.3181818181818183	11
76293	Date Night	3.3181818181818183	11
103253	Elysium	3.3125	16
7570	Octopussy	3.3125	8
106072	Thor: The Dark World	3.3095238095238093	21
143355	Wonder Woman	3.3076923076923075	13
3107	Backdraft	3.3043478260869565	23
8371	Chronicles of Riddick, The	3.3043478260869565	23
5388	Insomnia	3.303030303030303	33
1101	Top Gun	3.3012048192771086	83
3724	Coming Home	3.3	5
112818	Purge: Anarchy, The	3.3	5
2427	Thin Red Line, The	3.3	35
49278	Déjà Vu (Deja Vu)	3.3	20
79057	Predators	3.3	10
101864	Oblivion	3.3	20
104243	Riddick	3.3	5
7700	Wages of Fear, The (Salaire de la peur, Le)	3.3	5
43921	Running Scared	3.3	5
94864	Prometheus	3.2962962962962963	27
103042	Man of Steel	3.2954545454545454	22
7162	Cold Mountain	3.2916666666666665	12
4005	Living Daylights, The	3.2916666666666665	12
8984	Ocean's Twelve	3.2906976744186047	43
96861	Taken 2	3.2857142857142856	7
7325	Starsky & Hutch	3.2857142857142856	21
56156	Hitman	3.2857142857142856	7
522	Romper Stomper	3.2857142857142856	7
1589	Cop Land	3.28125	16
73321	Book of Eli, The	3.28125	16
33679	Mr. & Mrs. Smith	3.2796610169491527	59
112171	Equalizer, The	3.2777777777777777	9
94777	Men in Black III (M.III.B.) (M.I.B.³)	3.2777777777777777	18
517	Rising Sun	3.2777777777777777	9
57528	Rambo (Rambo 4)	3.2777777777777777	9
3704	Mad Max Beyond Thunderdome	3.2708333333333335	24
3633	On Her Majesty's Secret Service	3.264705882352941	17
8972	National Treasure	3.263157894736842	38
552	Three Musketeers, The	3.262295081967213	61
1375	Star Trek III: The Search for Spock	3.261904761904762	42
79592	Other Guys, The	3.261904761904762	21
2273	Rush Hour	3.261904761904762	42
117529	Jurassic World	3.260869565217391	23
1587	Conan the Barbarian	3.2580645161290325	31
2094	Rocketeer, The	3.2564102564102564	39
3029	Nighthawks	3.25	6
68791	Terminator Salvation	3.25	18
67923	Fast & Furious (Fast and the Furious 4, The)	3.25	10
4799	It's a Mad, Mad, Mad, Mad World	3.25	10
120466	Chappie	3.25	10
3985	Eagle Has Landed, The	3.25	6
89	Nick of Time	3.25	10
46970	Talladega Nights: The Ballad of Ricky Bobby	3.25	28
4958	Behind Enemy Lines	3.25	20
2344	Runaway Train	3.25	8
95510	Amazing Spider-Man, The	3.25	30
80219	Machete	3.25	12
198	Strange Days	3.25	28
376	River Wild, The	3.25	40
4351	Point Break	3.25	16
145	Bad Boys	3.2450980392156863	51
46972	Night at the Museum	3.239130434782609	23
82461	Tron: Legacy	3.236842105263158	19
288	Natural Born Killers	3.233695652173913	92
2528	Logan's Run	3.2291666666666665	24
86880	Pirates of the Caribbean: On Stranger Tides	3.2291666666666665	24
170	Hackers	3.2285714285714286	35
5047	Kung Pow: Enter the Fist	3.2222222222222223	9
61248	Death Race	3.2222222222222223	9
2524	Towering Inferno, The	3.2222222222222223	9
1687	Jackal, The	3.2222222222222223	18
3717	Gone in 60 Seconds	3.221311475409836	61
3698	Running Man, The	3.2205882352941178	34
3763	F/X	3.21875	16
36519	Transporter 2	3.21875	16
1479	Saint, The	3.216666666666667	30
69278	Land of the Lost	3.2142857142857144	7
2376	View to a Kill, A	3.2142857142857144	21
102123	This Is the End	3.2142857142857144	14
6709	Once Upon a Time in Mexico	3.2142857142857144	14
2879	Armour of God II: Operation Condor (Operation Condor) (Fei ying gai wak)	3.2142857142857144	7
6156	Shanghai Knights	3.210526315789474	19
5254	Blade II	3.2058823529411766	34
7027	Silverado	3.2	5
8604	Taxi	3.2	5
103810	Red 2	3.2	5
102033	Pain & Gain	3.2	5
96417	Premium Rush	3.2	5
63853	Australia	3.2	5
26242	Duel	3.2	5
2683	Austin Powers: The Spy Who Shagged Me	3.1983471074380163	121
2409	Rocky II	3.1923076923076925	26
95875	Total Recall	3.1875	8
4941	Flash Gordon	3.1875	8
31420	Assault on Precinct 13	3.1875	8
2568	Mod Squad, The	3.1875	8
367	Mask, The	3.1847133757961785	157
2001	Lethal Weapon 2	3.1808510638297873	47
60040	Incredible Hulk, The	3.1714285714285713	35
2662	War of the Worlds, The	3.1666666666666665	12
108156	Ride Along	3.1666666666666665	6
77866	Robin Hood	3.1666666666666665	6
4203	Harley Davidson and the Marlboro Man	3.1666666666666665	6
2956	Someone to Watch Over Me	3.1666666666666665	6
60072	Wanted	3.159090909090909	22
5378	Star Wars: Episode II - Attack of the Clones	3.157608695652174	92
6934	Matrix Revolutions, The	3.151898734177215	79
2393	Star Trek: Insurrection	3.1515151515151514	33
3624	Shanghai Noon	3.1511627906976742	43
34048	War of the Worlds	3.15	50
1320	Alien³ (a.k.a. Alien 3)	3.148936170212766	47
4238	Along Came a Spider	3.1470588235294117	17
78469	A-Team, The	3.1470588235294117	17
6764	Rundown, The	3.1470588235294117	17
80363	Resident Evil: Afterlife	3.142857142857143	7
7381	Whole Ten Yards, The	3.142857142857143	7
91535	Bourne Legacy, The	3.138888888888889	18
53519	Death Proof	3.1346153846153846	26
3638	Moonraker	3.1346153846153846	26
5541	Hot Shots!	3.1333333333333333	15
7573	Never Say Never Again	3.125	8
23	Assassins	3.125	16
179819	Star Wars: The Last Jedi	3.125	12
5040	Conan the Destroyer	3.125	8
85510	Sucker Punch	3.125	12
4121	Innerspace	3.125	12
9	Sudden Death	3.125	16
46322	Jet Li's Fearless (Huo Yuan Jia)	3.125	8
160080	Ghostbusters	3.125	8
2617	Mummy, The	3.1206896551724137	87
748	Arrival, The	3.1136363636363638	22
87529	Your Highness	3.111111111111111	9
786	Eraser	3.109375	64
2628	Star Wars: Episode I - The Phantom Menace	3.107142857142857	140
5944	Star Trek: Nemesis	3.1052631578947367	19
4344	Swordfish	3.1029411764705883	34
1378	Young Guns	3.1	25
50794	Smokin' Aces	3.1	10
85056	I Am Number Four	3.1	5
2006	Mask of Zorro, The	3.1	60
68793	Night at the Museum: Battle of the Smithsonian	3.1	10
5107	Hart's War	3.1	5
2013	Poseidon Adventure, The	3.0952380952380953	21
42738	Underworld: Evolution	3.09375	16
1391	Mars Attacks!	3.0930232558139537	86
442	Demolition Man	3.0925925925925926	81
653	Dragonheart	3.0923076923076924	65
93363	John Carter	3.090909090909091	11
2723	Mystery Men	3.08974358974359	39
4270	Mummy Returns, The	3.088888888888889	45
168	First Knight	3.0833333333333335	54
51939	TMNT (Teenage Mutant Ninja Turtles)	3.0833333333333335	6
101112	Oz the Great and Powerful	3.0833333333333335	6
2880	Armour of God (Long xiong hu di)	3.0833333333333335	6
5219	Resident Evil	3.0833333333333335	30
160563	The Legend of Tarzan	3.0833333333333335	6
7164	Peter Pan	3.0833333333333335	6
3452	Romeo Must Die	3.0833333333333335	18
8493	Memphis Belle	3.0833333333333335	6
46530	Superman Returns	3.08	25
315	Specialist, The	3.0789473684210527	38
122924	X-Men: Apocalypse	3.0714285714285716	14
32596	Sahara	3.0714285714285716	7
4369	Fast and the Furious, The	3.066666666666667	45
1722	Tomorrow Never Dies	3.066666666666667	45
176101	Kingsman: The Golden Circle	3.0625	8
62081	Eagle Eye	3.0625	8
2322	Soldier	3.0625	8
370	Naked Gun 33 1/3: The Final Insult	3.060344827586207	58
79695	Expendables, The	3.0588235294117645	17
136020	Spectre	3.0588235294117645	17
1917	Armageddon	3.0543478260869565	92
8361	Day After Tomorrow, The	3.05	50
32029	Hostage	3.05	10
86644	Fast Five (Fast and the Furious 5, The)	3.05	10
6537	Terminator 3: Rise of the Machines	3.0444444444444443	45
56775	National Treasure: Book of Secrets	3.0416666666666665	24
185	Net, The	3.0401785714285716	112
2802	Tequila Sunrise	3.0384615384615383	13
71530	Surrogates	3.0357142857142856	14
434	Cliffhanger	3.0346534653465347	101
60074	Hancock	3.0344827586206895	29
1552	Con Air	3.0338983050847457	59
103249	World War Z	3.026315789473684	19
2881	Double Jeopardy	3.026315789473684	19
1616	Peacemaker, The	3.025	20
1377	Batman Returns	3.025	60
95	Broken Arrow	3.0238095238095237	84
1792	U.S. Marshals	3.0217391304347827	23
2641	Superman II	3.020408163265306	49
61236	Waltz with Bashir (Vals im Bashir)	3.0	5
1379	Young Guns II	3.0	11
4498	Dead Pool, The	3.0	6
7376	Walking Tall	3.0	6
58025	Jumper	3.0	18
4265	Driven	3.0	5
52722	Spider-Man 3	3.0	44
83613	Cowboys & Aliens	3.0	9
330	Tales from the Hood	3.0	6
33672	Lords of Dogtown	3.0	7
15	Cutthroat Island	3.0	13
3438	Teenage Mutant Ninja Turtles	3.0	25
90249	Real Steel	3.0	6
1833	Mercury Rising	3.0	13
2533	Escape from the Planet of the Apes	3.0	15
1004	Glimmer Man, The	3.0	6
79553	Ip Man 2	3.0	5
83349	Green Hornet, The	3.0	11
64231	Punisher: War Zone	3.0	6
26152	Batman	3.0	5
5027	Another 48 Hrs.	3.0	5
42	Dead Presidents	3.0	7
79293	Salt	2.966666666666667	15
4310	Pearl Harbor	2.9651162790697674	43
6550	Johnny English	2.9615384615384617	13
8640	King Arthur	2.9615384615384617	13
5459	Men in Black II (a.k.a. MIIB) (a.k.a. MIB 2)	2.959016393442623	61
694	Substitute, The	2.9545454545454546	11
303	Quick and the Dead, The	2.953125	32
55232	Resident Evil: Extinction	2.95	10
4232	Spy Kids	2.9464285714285716	28
3444	Bloodsport	2.9444444444444446	9
114180	Maze Runner, The	2.9375	16
558	Pagemaster, The	2.9375	8
68205	Crank: High Voltage	2.9375	8
2002	Lethal Weapon 3	2.9347826086956523	46
485	Last Action Hero	2.9339622641509435	53
1866	Big Hit, The	2.9285714285714284	7
1769	Replacement Killers, The	2.9285714285714284	14
6484	Hollywood Homicide	2.9285714285714284	7
8861	Resident Evil: Apocalypse	2.9285714285714284	14
5872	Die Another Day	2.925925925925926	27
1690	Alien: Resurrection	2.922222222222222	45
849	Escape from L.A.	2.9204545454545454	44
91976	Grey, The	2.9166666666666665	6
3519	Force 10 from Navarone	2.9166666666666665	6
2549	Wing Commander	2.9166666666666665	6
135536	Suicide Squad	2.9166666666666665	12
103339	White House Down	2.9166666666666665	6
34332	Sky High	2.9166666666666665	6
153	Batman Forever	2.9160583941605838	137
208	Waterworld	2.9130434782608696	115
7163	Paycheck	2.911764705882353	17
3697	Predator 2	2.9047619047619047	21
2826	13th Warrior, The	2.9038461538461537	26
39435	Legend of Zorro, The	2.9	5
464	Hard Target	2.9	10
85401	Super	2.9	5
4275	Krull	2.9	5
100163	Hansel & Gretel: Witch Hunters	2.9	5
4367	Lara Croft: Tomb Raider	2.9	40
990	Maximum Risk	2.9	5
3827	Space Cowboys	2.891304347826087	23
533	Shadow, The	2.888888888888889	18
2616	Dick Tracy	2.8846153846153846	26
78105	Prince of Persia: The Sands of Time	2.8846153846153846	13
836	Chain Reaction	2.8823529411764706	17
6548	Bad Boys II	2.8823529411764706	17
7004	Kindergarten Cop	2.8823529411764706	17
160	Congo	2.8771929824561404	57
101362	Olympus Has Fallen	2.875	8
5420	Windtalkers	2.875	8
4084	Beverly Hills Cop II	2.8684210526315788	19
466	Hot Shots! Part Deux	2.8666666666666667	60
68319	X-Men Origins: Wolverine	2.8653846153846154	26
5171	Time Machine, The	2.8636363636363638	22
37727	Flightplan	2.8636363636363638	11
227	Drop Zone	2.8636363636363638	22
157	Canadian Bacon	2.8636363636363638	11
8860	Cellular	2.857142857142857	7
3197	Presidio, The	2.857142857142857	7
8985	Blade: Trinity	2.857142857142857	14
1385	Under Siege	2.8541666666666665	24
423	Blown Away	2.85	10
1918	Lethal Weapon 4	2.8484848484848486	33
4638	Jurassic Park III	2.8472222222222223	36
338	Virtuosity	2.8421052631578947	19
94780	Snow White and the Huntsman	2.8333333333333335	6
67197	Knowing	2.8333333333333335	9
1920	Small Soldiers	2.8333333333333335	18
8531	White Chicks	2.8333333333333335	6
139642	Southpaw	2.8333333333333335	6
59615	Indiana Jones and the Kingdom of the Crystal Skull	2.8333333333333335	39
839	Crow: City of Angels, The	2.8333333333333335	15
3841	Air America	2.8333333333333335	6
130490	Insurgent	2.8333333333333335	6
1488	Devil's Own, The	2.8333333333333335	15
327	Tank Girl	2.823529411764706	34
8810	AVP: Alien vs. Predator	2.823529411764706	17
51412	Next	2.8214285714285716	14
111360	Lucy	2.8214285714285716	14
667	Bloodsport 2 (a.k.a. Bloodsport II: The Next Kumite)	2.8125	8
4866	Last Castle, The	2.8125	8
5055	Dragon: The Bruce Lee Story	2.8125	8
2405	Jewel of the Nile, The	2.8095238095238093	21
2334	Siege, The	2.8076923076923075	13
4915	Beastmaster, The	2.8	5
169984	Alien: Covenant	2.8	5
3986	6th Day, The	2.8	20
2429	Mighty Joe Young	2.8	5
1586	G.I. Jane	2.7954545454545454	22
2532	Conquest of the Planet of the Apes	2.7916666666666665	12
761	Phantom, The	2.789473684210526	19
4654	Road House	2.7857142857142856	7
103384	Lone Ranger, The	2.7857142857142856	7
2530	Beneath the Planet of the Apes	2.7777777777777777	18
2531	Battle for the Planet of the Apes	2.7777777777777777	9
5093	Collateral Damage	2.7777777777777777	9
2421	Karate Kid, Part II, The	2.7758620689655173	29
2722	Deep Blue Sea	2.7758620689655173	29
1037	Lawnmower Man, The	2.7708333333333335	24
5507	xXx	2.7708333333333335	24
2126	Snake Eyes	2.7666666666666666	15
34150	Fantastic Four	2.763888888888889	36
37386	Aeon Flux	2.761904761904762	21
1544	Lost World: Jurassic Park, The	2.753731343283582	67
4396	Cannonball Run, The	2.75	10
4887	One, The	2.75	14
47044	Miami Vice	2.75	10
95207	Abraham Lincoln: Vampire Hunter	2.75	6
111659	Maleficent	2.75	16
5478	Eight Legged Freaks	2.75	8
75805	Bounty Hunter, The	2.75	6
130634	Furious 7	2.75	6
548	Terminal Velocity	2.75	6
4643	Planet of the Apes	2.7448979591836733	49
2410	Rocky III	2.7291666666666665	24
3977	Charlie's Angels	2.7222222222222223	72
5247	Smokey and the Bandit	2.7222222222222223	9
5463	Reign of Fire	2.7222222222222223	18
160438	Jason Bourne	2.7222222222222223	9
420	Beverly Hills Cop III	2.7203389830508473	59
2735	Golden Child, The	2.71875	16
204	Under Siege 2: Dark Territory	2.716666666666667	30
4159	3000 Miles to Graceland	2.7142857142857144	7
65802	Paul Blart: Mall Cop	2.7142857142857144	7
438	Cowboy Way, The	2.7142857142857144	7
1432	Metro	2.7142857142857144	7
3623	Mission: Impossible II	2.7142857142857144	77
32017	Pacifier, The	2.7142857142857144	7
1100	Days of Thunder	2.710526315789474	19
7454	Van Helsing	2.7083333333333335	24
798	Daylight	2.7083333333333335	12
1772	Blues Brothers 2000	2.7083333333333335	12
2411	Rocky IV	2.706896551724138	29
54648	Rush Hour 3	2.7	5
120635	Taken 3	2.7	5
3113	End of Days	2.7	15
6686	Medallion, The	2.7	5
3439	Teenage Mutant Ninja Turtles II: The Secret of the Ooze	2.6923076923076925	13
1726	Postman, The	2.6923076923076925	13
360	I Love Trouble	2.6875	8
172	Johnny Mnemonic	2.6792452830188678	53
173	Judge Dredd	2.6693548387096775	62
886	Bulletproof	2.6666666666666665	6
108928	Monuments Men, The	2.6666666666666665	6
1373	Star Trek V: The Final Frontier	2.6666666666666665	30
88812	30 Minutes or Less	2.6666666666666665	6
140711	American Ultra	2.6666666666666665	6
64030	Transporter 3	2.6666666666666665	6
3744	Shaft	2.6578947368421053	19
2402	Rambo: First Blood Part II	2.6578947368421053	19
737	Barb Wire	2.65	20
6564	Lara Croft Tomb Raider: The Cradle of Life	2.6470588235294117	17
46965	Snakes on a Plane	2.642857142857143	14
6213	Tears of the Sun	2.642857142857143	7
106491	47 Ronin	2.642857142857143	7
60937	Mummy: Tomb of the Dragon Emperor, The	2.642857142857143	7
2986	RoboCop 2	2.64	25
8865	Sky Captain and the World of Tomorrow	2.638888888888889	18
110553	The Amazing Spider-Man 2	2.6363636363636362	11
93326	This Means War	2.6363636363636362	11
1591	Spawn	2.6346153846153846	26
6541	League of Extraordinary Gentlemen, The (a.k.a. LXG)	2.625	32
1438	Dante's Peak	2.625	24
70336	G.I. Joe: The Rise of Cobra	2.625	8
4719	Osmosis Jones	2.625	8
72378	2012	2.619047619047619	21
111364	Godzilla	2.6153846153846154	13
3999	Vertical Limit	2.607142857142857	14
69644	Ice Age: Dawn of the Dinosaurs	2.607142857142857	14
6383	2 Fast 2 Furious (Fast and the Furious 2, The)	2.6052631578947367	19
135137	Pixels	2.5833333333333335	6
56801	AVPR: Aliens vs. Predator - Requiem	2.5833333333333335	6
53464	Fantastic Four: Rise of the Silver Surfer	2.575	20
704	Quest, The	2.5714285714285716	7
97836	Here Comes the Boom	2.5714285714285716	7
4133	Masters of the Universe	2.5625	8
1858	Mr. Nice Guy (Yat goh ho yan)	2.5625	8
55995	Beowulf	2.5625	8
6534	Hulk	2.5606060606060606	33
44	Mortal Kombat	2.5434782608695654	46
120799	Terminator Genisys	2.5	9
79224	Karate Kid, The	2.5	8
6157	Daredevil	2.5	32
6014	National Security	2.5	5
66	Lawnmower Man 2: Beyond Cyberspace	2.5	9
5803	I Spy	2.5	7
5796	Casino Royale	2.5	5
2468	Jumpin' Jack Flash	2.5	15
5665	Knockaround Guys	2.5	5
60514	Journey to the Center of the Earth	2.5	5
89087	Colombiana	2.5	6
5621	Tuxedo, The	2.5	10
132046	Tomorrowland	2.5	7
34334	Stealth	2.5	5
393	Street Fighter	2.5	10
996	Last Man Standing	2.5	13
379	Timecop	2.5	21
74532	Cop Out	2.5	5
3946	Get Carter	2.5	5
122898	Justice League	2.5	6
20	Money Train	2.5	15
2471	Crocodile Dundee II	2.4791666666666665	24
1431	Beverly Hills Ninja	2.46875	16
3316	Reindeer Games	2.4615384615384617	13
1831	Lost in Space	2.4482758620689653	29
544	Striking Distance	2.4375	8
69526	Transformers: Revenge of the Fallen	2.425	20
3264	Buffy the Vampire Slayer	2.423076923076923	26
405	Highlander III: The Sorcerer (a.k.a. Highlander: The Final Dimension)	2.4166666666666665	12
155	Beyond Rangoon	2.4166666666666665	6
611	Hellraiser: Bloodline	2.4166666666666665	6
6294	Bulletproof Monk	2.409090909090909	11
519	RoboCop 3	2.4047619047619047	21
5220	Showtime	2.4	10
2170	Wrongfully Accused	2.4	5
6264	Core, The	2.375	8
6503	Charlie's Angels: Full Throttle	2.3703703703703702	27
502	Next Karate Kid, The	2.3666666666666667	15
87520	Transformers: Dark of the Moon	2.3636363636363638	11
61160	Star Wars: The Clone Wars	2.357142857142857	7
87430	Green Lantern	2.35	10
3981	Red Planet	2.3461538461538463	13
136864	Batman v Superman: Dawn of Justice	2.34375	16
108945	RoboCop	2.3333333333333335	6
688	Operation Dumbo Drop	2.3333333333333335	9
809	Fled	2.3333333333333335	9
49649	Eragon	2.3333333333333335	12
6615	Freddy vs. Jason	2.3333333333333335	9
2153	Avengers, The	2.3181818181818183	11
3705	Bird on a Wire	2.3125	8
76175	Clash of the Titans	2.3076923076923075	13
1762	Deep Rising	2.3	5
3764	F/X2 (a.k.a. F/X 2 - The Deadly Art of Illusion)	2.3	5
5313	The Scorpion King	2.2954545454545454	22
40339	Chicken Little	2.2857142857142856	7
2815	Iron Eagle	2.2857142857142856	7
2373	Red Sonja	2.2777777777777777	9
181	Mighty Morphin Power Rangers: The Movie	2.264705882352941	17
459	Getaway, The	2.25	6
51077	Ghost Rider	2.25	12
3889	Highlander: Endgame (Highlander IV)	2.25	6
2642	Superman III	2.25	22
3877	Supergirl	2.2222222222222223	9
1562	Batman & Robin	2.2142857142857144	42
2701	Wild Wild West	2.207547169811321	53
2808	Universal Soldier	2.2058823529411766	17
8977	Alexander	2.2	10
3208	Loaded Weapon 1 (National Lampoon's Loaded Weapon 1)	2.1875	8
37380	Doom	2.15	10
1445	McHale's Navy	2.142857142857143	7
1667	Mad City	2.1	5
1515	Volcano	2.1	15
39400	Fog, The	2.1	5
3864	Godzilla 2000 (Gojira ni-sen mireniamu)	2.1	5
122902	Fantastic Four	2.1	5
2720	Inspector Gadget	2.0952380952380953	21
46335	Fast and the Furious: Tokyo Drift, The (Fast and the Furious 3, The)	2.090909090909091	11
3766	Missing in Action	2.0833333333333335	6
100498	Good Day to Die Hard, A	2.0833333333333335	6
4748	3 Ninjas	2.0833333333333335	6
34520	Dukes of Hazzard, The	2.0833333333333335	12
3440	Teenage Mutant Ninja Turtles III	2.0714285714285716	14
31221	Elektra	2.05	10
546	Super Mario Bros.	2.0	21
33158	xXx: State of the Union	2.0	5
1882	Godzilla	1.9545454545454546	33
2412	Rocky V	1.9411764705882353	17
1681	Mortal Kombat: Annihilation	1.9285714285714286	7
1499	Anaconda	1.9259259259259258	27
43928	Ultraviolet	1.9230769230769231	13
78893	Last Airbender, The	1.9166666666666667	6
2404	Rambo III	1.9166666666666667	12
6624	Agent Cody Banks	1.9	5
6996	Highlander II: The Quickening	1.8571428571428572	7
473	In the Army Now	1.8571428571428572	7
2748	Allan Quatermain and the Lost City of Gold	1.8333333333333333	6
117895	Maze Runner: Scorch Trials	1.8333333333333333	6
3997	Dungeons & Dragons	1.8333333333333333	12
5094	Rollerball	1.7857142857142858	7
3268	Stop! Or My Mom Will Shoot	1.7727272727272727	11
2422	Karate Kid, Part III, The	1.75	14
71	Fair Game	1.7	5
2643	Superman IV: The Quest for Peace	1.6875	16
3593	Battlefield Earth	1.6578947368421053	19
1556	Speed 2: Cruise Control	1.605263157894737	19
92938	Ghost Rider: Spirit of Vengeance	1.6	5
1389	Jaws 3-D	1.4166666666666667	6
8666	Catwoman	1.3333333333333333	9
